date_id,date,week_day,day,month,week,quarter,year
20160101,2016-01-01,Friday,1,1,53,1,2016
20160102,2016-01-02,Saturday,2,1,53,1,2016
20160103,2016-01-03,Sunday,3,1,53,1,2016
20160104,2016-01-04,Monday,4,1,1,1,2016
20160105,2016-01-05,Tuesday,5,1,1,1,2016
20160106,2016-01-06,Wednesday,6,1,1,1,2016
20160107,2016-01-07,Thursday,7,1,1,1,2016
20160108,2016-01-08,Friday,8,1,1,1,2016
20160109,2016-01-09,Saturday,9,1,1,1,2016
20160110,2016-01-10,Sunday,10,1,1,1,2016
20160111,2016-01-11,Monday,11,1,2,1,2016
20160112,2016-01-12,Tuesday,12,1,2,1,2016
20160113,2016-01-13,Wednesday,13,1,2,1,2016
20160114,2016-01-14,Thursday,14,1,2,1,2016
20160115,2016-01-15,Friday,15,1,2,1,2016
20160116,2016-01-16,Saturday,16,1,2,1,2016
20160117,2016-01-17,Sunday,17,1,2,1,2016
20160118,2016-01-18,Monday,18,1,3,1,2016
20160119,2016-01-19,Tuesday,19,1,3,1,2016
20160120,2016-01-20,Wednesday,20,1,3,1,2016
20160121,2016-01-21,Thursday,21,1,3,1,2016
20160122,2016-01-22,Friday,22,1,3,1,2016
20160123,2016-01-23,Saturday,23,1,3,1,2016
20160124,2016-01-24,Sunday,24,1,3,1,2016
20160125,2016-01-25,Monday,25,1,4,1,2016
20160126,2016-01-26,Tuesday,26,1,4,1,2016
20160127,2016-01-27,Wednesday,27,1,4,1,2016
20160128,2016-01-28,Thursday,28,1,4,1,2016
20160129,2016-01-29,Friday,29,1,4,1,2016
20160130,2016-01-30,Saturday,30,1,4,1,2016
20160131,2016-01-31,Sunday,31,1,4,1,2016
20160201,2016-02-01,Monday,1,2,5,1,2016
20160202,2016-02-02,Tuesday,2,2,5,1,2016
20160203,2016-02-03,Wednesday,3,2,5,1,2016
20160204,2016-02-04,Thursday,4,2,5,1,2016
20160205,2016-02-05,Friday,5,2,5,1,2016
20160206,2016-02-06,Saturday,6,2,5,1,2016
20160207,2016-02-07,Sunday,7,2,5,1,2016
20160208,2016-02-08,Monday,8,2,6,1,2016
20160209,2016-02-09,Tuesday,9,2,6,1,2016
20160210,2016-02-10,Wednesday,10,2,6,1,2016
20160211,2016-02-11,Thursday,11,2,6,1,2016
20160212,2016-02-12,Friday,12,2,6,1,2016
20160213,2016-02-13,Saturday,13,2,6,1,2016
20160214,2016-02-14,Sunday,14,2,6,1,2016
20160215,2016-02-15,Monday,15,2,7,1,2016
20160216,2016-02-16,Tuesday,16,2,7,1,2016
20160217,2016-02-17,Wednesday,17,2,7,1,2016
20160218,2016-02-18,Thursday,18,2,7,1,2016
20160219,2016-02-19,Friday,19,2,7,1,2016
20160220,2016-02-20,Saturday,20,2,7,1,2016
20160221,2016-02-21,Sunday,21,2,7,1,2016
20160222,2016-02-22,Monday,22,2,8,1,2016
20160223,2016-02-23,Tuesday,23,2,8,1,2016
20160224,2016-02-24,Wednesday,24,2,8,1,2016
20160225,2016-02-25,Thursday,25,2,8,1,2016
20160226,2016-02-26,Friday,26,2,8,1,2016
20160227,2016-02-27,Saturday,27,2,8,1,2016
20160228,2016-02-28,Sunday,28,2,8,1,2016
20160229,2016-02-29,Monday,29,2,9,1,2016
20160301,2016-03-01,Tuesday,1,3,9,1,2016
20160302,2016-03-02,Wednesday,2,3,9,1,2016
20160303,2016-03-03,Thursday,3,3,9,1,2016
20160304,2016-03-04,Friday,4,3,9,1,2016
20160305,2016-03-05,Saturday,5,3,9,1,2016
20160306,2016-03-06,Sunday,6,3,9,1,2016
20160307,2016-03-07,Monday,7,3,10,1,2016
20160308,2016-03-08,Tuesday,8,3,10,1,2016
20160309,2016-03-09,Wednesday,9,3,10,1,2016
20160310,2016-03-10,Thursday,10,3,10,1,2016
20160311,2016-03-11,Friday,11,3,10,1,2016
20160312,2016-03-12,Saturday,12,3,10,1,2016
20160313,2016-03-13,Sunday,13,3,10,1,2016
20160314,2016-03-14,Monday,14,3,11,1,2016
20160315,2016-03-15,Tuesday,15,3,11,1,2016
20160316,2016-03-16,Wednesday,16,3,11,1,2016
20160317,2016-03-17,Thursday,17,3,11,1,2016
20160318,2016-03-18,Friday,18,3,11,1,2016
20160319,2016-03-19,Saturday,19,3,11,1,2016
20160320,2016-03-20,Sunday,20,3,11,1,2016
20160321,2016-03-21,Monday,21,3,12,1,2016
20160322,2016-03-22,Tuesday,22,3,12,1,2016
20160323,2016-03-23,Wednesday,23,3,12,1,2016
20160324,2016-03-24,Thursday,24,3,12,1,2016
20160325,2016-03-25,Friday,25,3,12,1,2016
20160326,2016-03-26,Saturday,26,3,12,1,2016
20160327,2016-03-27,Sunday,27,3,12,1,2016
20160328,2016-03-28,Monday,28,3,13,1,2016
20160329,2016-03-29,Tuesday,29,3,13,1,2016
20160330,2016-03-30,Wednesday,30,3,13,1,2016
20160331,2016-03-31,Thursday,31,3,13,1,2016
20160401,2016-04-01,Friday,1,4,13,2,2016
20160402,2016-04-02,Saturday,2,4,13,2,2016
20160403,2016-04-03,Sunday,3,4,13,2,2016
20160404,2016-04-04,Monday,4,4,14,2,2016
20160405,2016-04-05,Tuesday,5,4,14,2,2016
20160406,2016-04-06,Wednesday,6,4,14,2,2016
20160407,2016-04-07,Thursday,7,4,14,2,2016
20160408,2016-04-08,Friday,8,4,14,2,2016
20160409,2016-04-09,Saturday,9,4,14,2,2016
20160410,2016-04-10,Sunday,10,4,14,2,2016
20160411,2016-04-11,Monday,11,4,15,2,2016
20160412,2016-04-12,Tuesday,12,4,15,2,2016
20160413,2016-04-13,Wednesday,13,4,15,2,2016
20160414,2016-04-14,Thursday,14,4,15,2,2016
20160415,2016-04-15,Friday,15,4,15,2,2016
20160416,2016-04-16,Saturday,16,4,15,2,2016
20160417,2016-04-17,Sunday,17,4,15,2,2016
20160418,2016-04-18,Monday,18,4,16,2,2016
20160419,2016-04-19,Tuesday,19,4,16,2,2016
20160420,2016-04-20,Wednesday,20,4,16,2,2016
20160421,2016-04-21,Thursday,21,4,16,2,2016
20160422,2016-04-22,Friday,22,4,16,2,2016
20160423,2016-04-23,Saturday,23,4,16,2,2016
20160424,2016-04-24,Sunday,24,4,16,2,2016
20160425,2016-04-25,Monday,25,4,17,2,2016
20160426,2016-04-26,Tuesday,26,4,17,2,2016
20160427,2016-04-27,Wednesday,27,4,17,2,2016
20160428,2016-04-28,Thursday,28,4,17,2,2016
20160429,2016-04-29,Friday,29,4,17,2,2016
20160430,2016-04-30,Saturday,30,4,17,2,2016
20160501,2016-05-01,Sunday,1,5,17,2,2016
20160502,2016-05-02,Monday,2,5,18,2,2016
20160503,2016-05-03,Tuesday,3,5,18,2,2016
20160504,2016-05-04,Wednesday,4,5,18,2,2016
20160505,2016-05-05,Thursday,5,5,18,2,2016
20160506,2016-05-06,Friday,6,5,18,2,2016
20160507,2016-05-07,Saturday,7,5,18,2,2016
20160508,2016-05-08,Sunday,8,5,18,2,2016
20160509,2016-05-09,Monday,9,5,19,2,2016
20160510,2016-05-10,Tuesday,10,5,19,2,2016
20160511,2016-05-11,Wednesday,11,5,19,2,2016
20160512,2016-05-12,Thursday,12,5,19,2,2016
20160513,2016-05-13,Friday,13,5,19,2,2016
20160514,2016-05-14,Saturday,14,5,19,2,2016
20160515,2016-05-15,Sunday,15,5,19,2,2016
20160516,2016-05-16,Monday,16,5,20,2,2016
20160517,2016-05-17,Tuesday,17,5,20,2,2016
20160518,2016-05-18,Wednesday,18,5,20,2,2016
20160519,2016-05-19,Thursday,19,5,20,2,2016
20160520,2016-05-20,Friday,20,5,20,2,2016
20160521,2016-05-21,Saturday,21,5,20,2,2016
20160522,2016-05-22,Sunday,22,5,20,2,2016
20160523,2016-05-23,Monday,23,5,21,2,2016
20160524,2016-05-24,Tuesday,24,5,21,2,2016
20160525,2016-05-25,Wednesday,25,5,21,2,2016
20160526,2016-05-26,Thursday,26,5,21,2,2016
20160527,2016-05-27,Friday,27,5,21,2,2016
20160528,2016-05-28,Saturday,28,5,21,2,2016
20160529,2016-05-29,Sunday,29,5,21,2,2016
20160530,2016-05-30,Monday,30,5,22,2,2016
20160531,2016-05-31,Tuesday,31,5,22,2,2016
20160601,2016-06-01,Wednesday,1,6,22,2,2016
20160602,2016-06-02,Thursday,2,6,22,2,2016
20160603,2016-06-03,Friday,3,6,22,2,2016
20160604,2016-06-04,Saturday,4,6,22,2,2016
20160605,2016-06-05,Sunday,5,6,22,2,2016
20160606,2016-06-06,Monday,6,6,23,2,2016
20160607,2016-06-07,Tuesday,7,6,23,2,2016
20160608,2016-06-08,Wednesday,8,6,23,2,2016
20160609,2016-06-09,Thursday,9,6,23,2,2016
20160610,2016-06-10,Friday,10,6,23,2,2016
20160611,2016-06-11,Saturday,11,6,23,2,2016
20160612,2016-06-12,Sunday,12,6,23,2,2016
20160613,2016-06-13,Monday,13,6,24,2,2016
20160614,2016-06-14,Tuesday,14,6,24,2,2016
20160615,2016-06-15,Wednesday,15,6,24,2,2016
20160616,2016-06-16,Thursday,16,6,24,2,2016
20160617,2016-06-17,Friday,17,6,24,2,2016
20160618,2016-06-18,Saturday,18,6,24,2,2016
20160619,2016-06-19,Sunday,19,6,24,2,2016
20160620,2016-06-20,Monday,20,6,25,2,2016
20160621,2016-06-21,Tuesday,21,6,25,2,2016
20160622,2016-06-22,Wednesday,22,6,25,2,2016
20160623,2016-06-23,Thursday,23,6,25,2,2016
20160624,2016-06-24,Friday,24,6,25,2,2016
20160625,2016-06-25,Saturday,25,6,25,2,2016
20160626,2016-06-26,Sunday,26,6,25,2,2016
20160627,2016-06-27,Monday,27,6,26,2,2016
20160628,2016-06-28,Tuesday,28,6,26,2,2016
20160629,2016-06-29,Wednesday,29,6,26,2,2016
20160630,2016-06-30,Thursday,30,6,26,2,2016
20160701,2016-07-01,Friday,1,7,26,3,2016
20160702,2016-07-02,Saturday,2,7,26,3,2016
20160703,2016-07-03,Sunday,3,7,26,3,2016
20160704,2016-07-04,Monday,4,7,27,3,2016
20160705,2016-07-05,Tuesday,5,7,27,3,2016
20160706,2016-07-06,Wednesday,6,7,27,3,2016
20160707,2016-07-07,Thursday,7,7,27,3,2016
20160708,2016-07-08,Friday,8,7,27,3,2016
20160709,2016-07-09,Saturday,9,7,27,3,2016
20160710,2016-07-10,Sunday,10,7,27,3,2016
20160711,2016-07-11,Monday,11,7,28,3,2016
20160712,2016-07-12,Tuesday,12,7,28,3,2016
20160713,2016-07-13,Wednesday,13,7,28,3,2016
20160714,2016-07-14,Thursday,14,7,28,3,2016
20160715,2016-07-15,Friday,15,7,28,3,2016
20160716,2016-07-16,Saturday,16,7,28,3,2016
20160717,2016-07-17,Sunday,17,7,28,3,2016
20160718,2016-07-18,Monday,18,7,29,3,2016
20160719,2016-07-19,Tuesday,19,7,29,3,2016
20160720,2016-07-20,Wednesday,20,7,29,3,2016
20160721,2016-07-21,Thursday,21,7,29,3,2016
20160722,2016-07-22,Friday,22,7,29,3,2016
20160723,2016-07-23,Saturday,23,7,29,3,2016
20160724,2016-07-24,Sunday,24,7,29,3,2016
20160725,2016-07-25,Monday,25,7,30,3,2016
20160726,2016-07-26,Tuesday,26,7,30,3,2016
20160727,2016-07-27,Wednesday,27,7,30,3,2016
20160728,2016-07-28,Thursday,28,7,30,3,2016
20160729,2016-07-29,Friday,29,7,30,3,2016
20160730,2016-07-30,Saturday,30,7,30,3,2016
20160731,2016-07-31,Sunday,31,7,30,3,2016
20160801,2016-08-01,Monday,1,8,31,3,2016
20160802,2016-08-02,Tuesday,2,8,31,3,2016
20160803,2016-08-03,Wednesday,3,8,31,3,2016
20160804,2016-08-04,Thursday,4,8,31,3,2016
20160805,2016-08-05,Friday,5,8,31,3,2016
20160806,2016-08-06,Saturday,6,8,31,3,2016
20160807,2016-08-07,Sunday,7,8,31,3,2016
20160808,2016-08-08,Monday,8,8,32,3,2016
20160809,2016-08-09,Tuesday,9,8,32,3,2016
20160810,2016-08-10,Wednesday,10,8,32,3,2016
20160811,2016-08-11,Thursday,11,8,32,3,2016
20160812,2016-08-12,Friday,12,8,32,3,2016
20160813,2016-08-13,Saturday,13,8,32,3,2016
20160814,2016-08-14,Sunday,14,8,32,3,2016
20160815,2016-08-15,Monday,15,8,33,3,2016
20160816,2016-08-16,Tuesday,16,8,33,3,2016
20160817,2016-08-17,Wednesday,17,8,33,3,2016
20160818,2016-08-18,Thursday,18,8,33,3,2016
20160819,2016-08-19,Friday,19,8,33,3,2016
20160820,2016-08-20,Saturday,20,8,33,3,2016
20160821,2016-08-21,Sunday,21,8,33,3,2016
20160822,2016-08-22,Monday,22,8,34,3,2016
20160823,2016-08-23,Tuesday,23,8,34,3,2016
20160824,2016-08-24,Wednesday,24,8,34,3,2016
20160825,2016-08-25,Thursday,25,8,34,3,2016
20160826,2016-08-26,Friday,26,8,34,3,2016
20160827,2016-08-27,Saturday,27,8,34,3,2016
20160828,2016-08-28,Sunday,28,8,34,3,2016
20160829,2016-08-29,Monday,29,8,35,3,2016
20160830,2016-08-30,Tuesday,30,8,35,3,2016
20160831,2016-08-31,Wednesday,31,8,35,3,2016
20160901,2016-09-01,Thursday,1,9,35,3,2016
20160902,2016-09-02,Friday,2,9,35,3,2016
20160903,2016-09-03,Saturday,3,9,35,3,2016
20160904,2016-09-04,Sunday,4,9,35,3,2016
20160905,2016-09-05,Monday,5,9,36,3,2016
20160906,2016-09-06,Tuesday,6,9,36,3,2016
20160907,2016-09-07,Wednesday,7,9,36,3,2016
20160908,2016-09-08,Thursday,8,9,36,3,2016
20160909,2016-09-09,Friday,9,9,36,3,2016
20160910,2016-09-10,Saturday,10,9,36,3,2016
20160911,2016-09-11,Sunday,11,9,36,3,2016
20160912,2016-09-12,Monday,12,9,37,3,2016
20160913,2016-09-13,Tuesday,13,9,37,3,2016
20160914,2016-09-14,Wednesday,14,9,37,3,2016
20160915,2016-09-15,Thursday,15,9,37,3,2016
20160916,2016-09-16,Friday,16,9,37,3,2016
20160917,2016-09-17,Saturday,17,9,37,3,2016
20160918,2016-09-18,Sunday,18,9,37,3,2016
20160919,2016-09-19,Monday,19,9,38,3,2016
20160920,2016-09-20,Tuesday,20,9,38,3,2016
20160921,2016-09-21,Wednesday,21,9,38,3,2016
20160922,2016-09-22,Thursday,22,9,38,3,2016
20160923,2016-09-23,Friday,23,9,38,3,2016
20160924,2016-09-24,Saturday,24,9,38,3,2016
20160925,2016-09-25,Sunday,25,9,38,3,2016
20160926,2016-09-26,Monday,26,9,39,3,2016
20160927,2016-09-27,Tuesday,27,9,39,3,2016
20160928,2016-09-28,Wednesday,28,9,39,3,2016
20160929,2016-09-29,Thursday,29,9,39,3,2016
20160930,2016-09-30,Friday,30,9,39,3,2016
20161001,2016-10-01,Saturday,1,10,39,4,2016
20161002,2016-10-02,Sunday,2,10,39,4,2016
20161003,2016-10-03,Monday,3,10,40,4,2016
20161004,2016-10-04,Tuesday,4,10,40,4,2016
20161005,2016-10-05,Wednesday,5,10,40,4,2016
20161006,2016-10-06,Thursday,6,10,40,4,2016
20161007,2016-10-07,Friday,7,10,40,4,2016
20161008,2016-10-08,Saturday,8,10,40,4,2016
20161009,2016-10-09,Sunday,9,10,40,4,2016
20161010,2016-10-10,Monday,10,10,41,4,2016
20161011,2016-10-11,Tuesday,11,10,41,4,2016
20161012,2016-10-12,Wednesday,12,10,41,4,2016
20161013,2016-10-13,Thursday,13,10,41,4,2016
20161014,2016-10-14,Friday,14,10,41,4,2016
20161015,2016-10-15,Saturday,15,10,41,4,2016
20161016,2016-10-16,Sunday,16,10,41,4,2016
20161017,2016-10-17,Monday,17,10,42,4,2016
20161018,2016-10-18,Tuesday,18,10,42,4,2016
20161019,2016-10-19,Wednesday,19,10,42,4,2016
20161020,2016-10-20,Thursday,20,10,42,4,2016
20161021,2016-10-21,Friday,21,10,42,4,2016
20161022,2016-10-22,Saturday,22,10,42,4,2016
20161023,2016-10-23,Sunday,23,10,42,4,2016
20161024,2016-10-24,Monday,24,10,43,4,2016
20161025,2016-10-25,Tuesday,25,10,43,4,2016
20161026,2016-10-26,Wednesday,26,10,43,4,2016
20161027,2016-10-27,Thursday,27,10,43,4,2016
20161028,2016-10-28,Friday,28,10,43,4,2016
20161029,2016-10-29,Saturday,29,10,43,4,2016
20161030,2016-10-30,Sunday,30,10,43,4,2016
20161031,2016-10-31,Monday,31,10,44,4,2016
20161101,2016-11-01,Tuesday,1,11,44,4,2016
20161102,2016-11-02,Wednesday,2,11,44,4,2016
20161103,2016-11-03,Thursday,3,11,44,4,2016
20161104,2016-11-04,Friday,4,11,44,4,2016
20161105,2016-11-05,Saturday,5,11,44,4,2016
20161106,2016-11-06,Sunday,6,11,44,4,2016
20161107,2016-11-07,Monday,7,11,45,4,2016
20161108,2016-11-08,Tuesday,8,11,45,4,2016
20161109,2016-11-09,Wednesday,9,11,45,4,2016
20161110,2016-11-10,Thursday,10,11,45,4,2016
20161111,2016-11-11,Friday,11,11,45,4,2016
20161112,2016-11-12,Saturday,12,11,45,4,2016
20161113,2016-11-13,Sunday,13,11,45,4,2016
20161114,2016-11-14,Monday,14,11,46,4,2016
20161115,2016-11-15,Tuesday,15,11,46,4,2016
20161116,2016-11-16,Wednesday,16,11,46,4,2016
20161117,2016-11-17,Thursday,17,11,46,4,2016
20161118,2016-11-18,Friday,18,11,46,4,2016
20161119,2016-11-19,Saturday,19,11,46,4,2016
20161120,2016-11-20,Sunday,20,11,46,4,2016
20161121,2016-11-21,Monday,21,11,47,4,2016
20161122,2016-11-22,Tuesday,22,11,47,4,2016
20161123,2016-11-23,Wednesday,23,11,47,4,2016
20161124,2016-11-24,Thursday,24,11,47,4,2016
20161125,2016-11-25,Friday,25,11,47,4,2016
20161126,2016-11-26,Saturday,26,11,47,4,2016
20161127,2016-11-27,Sunday,27,11,47,4,2016
20161128,2016-11-28,Monday,28,11,48,4,2016
20161129,2016-11-29,Tuesday,29,11,48,4,2016
20161130,2016-11-30,Wednesday,30,11,48,4,2016
20161201,2016-12-01,Thursday,1,12,48,4,2016
20161202,2016-12-02,Friday,2,12,48,4,2016
20161203,2016-12-03,Saturday,3,12,48,4,2016
20161204,2016-12-04,Sunday,4,12,48,4,2016
20161205,2016-12-05,Monday,5,12,49,4,2016
20161206,2016-12-06,Tuesday,6,12,49,4,2016
20161207,2016-12-07,Wednesday,7,12,49,4,2016
20161208,2016-12-08,Thursday,8,12,49,4,2016
20161209,2016-12-09,Friday,9,12,49,4,2016
20161210,2016-12-10,Saturday,10,12,49,4,2016
20161211,2016-12-11,Sunday,11,12,49,4,2016
20161212,2016-12-12,Monday,12,12,50,4,2016
20161213,2016-12-13,Tuesday,13,12,50,4,2016
20161214,2016-12-14,Wednesday,14,12,50,4,2016
20161215,2016-12-15,Thursday,15,12,50,4,2016
20161216,2016-12-16,Friday,16,12,50,4,2016
20161217,2016-12-17,Saturday,17,12,50,4,2016
20161218,2016-12-18,Sunday,18,12,50,4,2016
20161219,2016-12-19,Monday,19,12,51,4,2016
20161220,2016-12-20,Tuesday,20,12,51,4,2016
20161221,2016-12-21,Wednesday,21,12,51,4,2016
20161222,2016-12-22,Thursday,22,12,51,4,2016
20161223,2016-12-23,Friday,23,12,51,4,2016
20161224,2016-12-24,Saturday,24,12,51,4,2016
20161225,2016-12-25,Sunday,25,12,51,4,2016
20161226,2016-12-26,Monday,26,12,52,4,2016
20161227,2016-12-27,Tuesday,27,12,52,4,2016
20161228,2016-12-28,Wednesday,28,12,52,4,2016
20161229,2016-12-29,Thursday,29,12,52,4,2016
20161230,2016-12-30,Friday,30,12,52,4,2016
20161231,2016-12-31,Saturday,31,12,52,4,2016
20170101,2017-01-01,Sunday,1,1,52,1,2017
20170102,2017-01-02,Monday,2,1,1,1,2017
20170103,2017-01-03,Tuesday,3,1,1,1,2017
20170104,2017-01-04,Wednesday,4,1,1,1,2017
20170105,2017-01-05,Thursday,5,1,1,1,2017
20170106,2017-01-06,Friday,6,1,1,1,2017
20170107,2017-01-07,Saturday,7,1,1,1,2017
20170108,2017-01-08,Sunday,8,1,1,1,2017
20170109,2017-01-09,Monday,9,1,2,1,2017
20170110,2017-01-10,Tuesday,10,1,2,1,2017
20170111,2017-01-11,Wednesday,11,1,2,1,2017
20170112,2017-01-12,Thursday,12,1,2,1,2017
20170113,2017-01-13,Friday,13,1,2,1,2017
20170114,2017-01-14,Saturday,14,1,2,1,2017
20170115,2017-01-15,Sunday,15,1,2,1,2017
20170116,2017-01-16,Monday,16,1,3,1,2017
20170117,2017-01-17,Tuesday,17,1,3,1,2017
20170118,2017-01-18,Wednesday,18,1,3,1,2017
20170119,2017-01-19,Thursday,19,1,3,1,2017
20170120,2017-01-20,Friday,20,1,3,1,2017
20170121,2017-01-21,Saturday,21,1,3,1,2017
20170122,2017-01-22,Sunday,22,1,3,1,2017
20170123,2017-01-23,Monday,23,1,4,1,2017
20170124,2017-01-24,Tuesday,24,1,4,1,2017
20170125,2017-01-25,Wednesday,25,1,4,1,2017
20170126,2017-01-26,Thursday,26,1,4,1,2017
20170127,2017-01-27,Friday,27,1,4,1,2017
20170128,2017-01-28,Saturday,28,1,4,1,2017
20170129,2017-01-29,Sunday,29,1,4,1,2017
20170130,2017-01-30,Monday,30,1,5,1,2017
20170131,2017-01-31,Tuesday,31,1,5,1,2017
20170201,2017-02-01,Wednesday,1,2,5,1,2017
20170202,2017-02-02,Thursday,2,2,5,1,2017
20170203,2017-02-03,Friday,3,2,5,1,2017
20170204,2017-02-04,Saturday,4,2,5,1,2017
20170205,2017-02-05,Sunday,5,2,5,1,2017
20170206,2017-02-06,Monday,6,2,6,1,2017
20170207,2017-02-07,Tuesday,7,2,6,1,2017
20170208,2017-02-08,Wednesday,8,2,6,1,2017
20170209,2017-02-09,Thursday,9,2,6,1,2017
20170210,2017-02-10,Friday,10,2,6,1,2017
20170211,2017-02-11,Saturday,11,2,6,1,2017
20170212,2017-02-12,Sunday,12,2,6,1,2017
20170213,2017-02-13,Monday,13,2,7,1,2017
20170214,2017-02-14,Tuesday,14,2,7,1,2017
20170215,2017-02-15,Wednesday,15,2,7,1,2017
20170216,2017-02-16,Thursday,16,2,7,1,2017
20170217,2017-02-17,Friday,17,2,7,1,2017
20170218,2017-02-18,Saturday,18,2,7,1,2017
20170219,2017-02-19,Sunday,19,2,7,1,2017
20170220,2017-02-20,Monday,20,2,8,1,2017
20170221,2017-02-21,Tuesday,21,2,8,1,2017
20170222,2017-02-22,Wednesday,22,2,8,1,2017
20170223,2017-02-23,Thursday,23,2,8,1,2017
20170224,2017-02-24,Friday,24,2,8,1,2017
20170225,2017-02-25,Saturday,25,2,8,1,2017
20170226,2017-02-26,Sunday,26,2,8,1,2017
20170227,2017-02-27,Monday,27,2,9,1,2017
20170228,2017-02-28,Tuesday,28,2,9,1,2017
20170301,2017-03-01,Wednesday,1,3,9,1,2017
20170302,2017-03-02,Thursday,2,3,9,1,2017
20170303,2017-03-03,Friday,3,3,9,1,2017
20170304,2017-03-04,Saturday,4,3,9,1,2017
20170305,2017-03-05,Sunday,5,3,9,1,2017
20170306,2017-03-06,Monday,6,3,10,1,2017
20170307,2017-03-07,Tuesday,7,3,10,1,2017
20170308,2017-03-08,Wednesday,8,3,10,1,2017
20170309,2017-03-09,Thursday,9,3,10,1,2017
20170310,2017-03-10,Friday,10,3,10,1,2017
20170311,2017-03-11,Saturday,11,3,10,1,2017
20170312,2017-03-12,Sunday,12,3,10,1,2017
20170313,2017-03-13,Monday,13,3,11,1,2017
20170314,2017-03-14,Tuesday,14,3,11,1,2017
20170315,2017-03-15,Wednesday,15,3,11,1,2017
20170316,2017-03-16,Thursday,16,3,11,1,2017
20170317,2017-03-17,Friday,17,3,11,1,2017
20170318,2017-03-18,Saturday,18,3,11,1,2017
20170319,2017-03-19,Sunday,19,3,11,1,2017
20170320,2017-03-20,Monday,20,3,12,1,2017
20170321,2017-03-21,Tuesday,21,3,12,1,2017
20170322,2017-03-22,Wednesday,22,3,12,1,2017
20170323,2017-03-23,Thursday,23,3,12,1,2017
20170324,2017-03-24,Friday,24,3,12,1,2017
20170325,2017-03-25,Saturday,25,3,12,1,2017
20170326,2017-03-26,Sunday,26,3,12,1,2017
20170327,2017-03-27,Monday,27,3,13,1,2017
20170328,2017-03-28,Tuesday,28,3,13,1,2017
20170329,2017-03-29,Wednesday,29,3,13,1,2017
20170330,2017-03-30,Thursday,30,3,13,1,2017
20170331,2017-03-31,Friday,31,3,13,1,2017
20170401,2017-04-01,Saturday,1,4,13,2,2017
20170402,2017-04-02,Sunday,2,4,13,2,2017
20170403,2017-04-03,Monday,3,4,14,2,2017
20170404,2017-04-04,Tuesday,4,4,14,2,2017
20170405,2017-04-05,Wednesday,5,4,14,2,2017
20170406,2017-04-06,Thursday,6,4,14,2,2017
20170407,2017-04-07,Friday,7,4,14,2,2017
20170408,2017-04-08,Saturday,8,4,14,2,2017
20170409,2017-04-09,Sunday,9,4,14,2,2017
20170410,2017-04-10,Monday,10,4,15,2,2017
20170411,2017-04-11,Tuesday,11,4,15,2,2017
20170412,2017-04-12,Wednesday,12,4,15,2,2017
20170413,2017-04-13,Thursday,13,4,15,2,2017
20170414,2017-04-14,Friday,14,4,15,2,2017
20170415,2017-04-15,Saturday,15,4,15,2,2017
20170416,2017-04-16,Sunday,16,4,15,2,2017
20170417,2017-04-17,Monday,17,4,16,2,2017
20170418,2017-04-18,Tuesday,18,4,16,2,2017
20170419,2017-04-19,Wednesday,19,4,16,2,2017
20170420,2017-04-20,Thursday,20,4,16,2,2017
20170421,2017-04-21,Friday,21,4,16,2,2017
20170422,2017-04-22,Saturday,22,4,16,2,2017
20170423,2017-04-23,Sunday,23,4,16,2,2017
20170424,2017-04-24,Monday,24,4,17,2,2017
20170425,2017-04-25,Tuesday,25,4,17,2,2017
20170426,2017-04-26,Wednesday,26,4,17,2,2017
20170427,2017-04-27,Thursday,27,4,17,2,2017
20170428,2017-04-28,Friday,28,4,17,2,2017
20170429,2017-04-29,Saturday,29,4,17,2,2017
20170430,2017-04-30,Sunday,30,4,17,2,2017
20170501,2017-05-01,Monday,1,5,18,2,2017
20170502,2017-05-02,Tuesday,2,5,18,2,2017
20170503,2017-05-03,Wednesday,3,5,18,2,2017
20170504,2017-05-04,Thursday,4,5,18,2,2017
20170505,2017-05-05,Friday,5,5,18,2,2017
20170506,2017-05-06,Saturday,6,5,18,2,2017
20170507,2017-05-07,Sunday,7,5,18,2,2017
20170508,2017-05-08,Monday,8,5,19,2,2017
20170509,2017-05-09,Tuesday,9,5,19,2,2017
20170510,2017-05-10,Wednesday,10,5,19,2,2017
20170511,2017-05-11,Thursday,11,5,19,2,2017
20170512,2017-05-12,Friday,12,5,19,2,2017
20170513,2017-05-13,Saturday,13,5,19,2,2017
20170514,2017-05-14,Sunday,14,5,19,2,2017
20170515,2017-05-15,Monday,15,5,20,2,2017
20170516,2017-05-16,Tuesday,16,5,20,2,2017
20170517,2017-05-17,Wednesday,17,5,20,2,2017
20170518,2017-05-18,Thursday,18,5,20,2,2017
20170519,2017-05-19,Friday,19,5,20,2,2017
20170520,2017-05-20,Saturday,20,5,20,2,2017
20170521,2017-05-21,Sunday,21,5,20,2,2017
20170522,2017-05-22,Monday,22,5,21,2,2017
20170523,2017-05-23,Tuesday,23,5,21,2,2017
20170524,2017-05-24,Wednesday,24,5,21,2,2017
20170525,2017-05-25,Thursday,25,5,21,2,2017
20170526,2017-05-26,Friday,26,5,21,2,2017
20170527,2017-05-27,Saturday,27,5,21,2,2017
20170528,2017-05-28,Sunday,28,5,21,2,2017
20170529,2017-05-29,Monday,29,5,22,2,2017
20170530,2017-05-30,Tuesday,30,5,22,2,2017
20170531,2017-05-31,Wednesday,31,5,22,2,2017
20170601,2017-06-01,Thursday,1,6,22,2,2017
20170602,2017-06-02,Friday,2,6,22,2,2017
20170603,2017-06-03,Saturday,3,6,22,2,2017
20170604,2017-06-04,Sunday,4,6,22,2,2017
20170605,2017-06-05,Monday,5,6,23,2,2017
20170606,2017-06-06,Tuesday,6,6,23,2,2017
20170607,2017-06-07,Wednesday,7,6,23,2,2017
20170608,2017-06-08,Thursday,8,6,23,2,2017
20170609,2017-06-09,Friday,9,6,23,2,2017
20170610,2017-06-10,Saturday,10,6,23,2,2017
20170611,2017-06-11,Sunday,11,6,23,2,2017
20170612,2017-06-12,Monday,12,6,24,2,2017
20170613,2017-06-13,Tuesday,13,6,24,2,2017
20170614,2017-06-14,Wednesday,14,6,24,2,2017
20170615,2017-06-15,Thursday,15,6,24,2,2017
20170616,2017-06-16,Friday,16,6,24,2,2017
20170617,2017-06-17,Saturday,17,6,24,2,2017
20170618,2017-06-18,Sunday,18,6,24,2,2017
20170619,2017-06-19,Monday,19,6,25,2,2017
20170620,2017-06-20,Tuesday,20,6,25,2,2017
20170621,2017-06-21,Wednesday,21,6,25,2,2017
20170622,2017-06-22,Thursday,22,6,25,2,2017
20170623,2017-06-23,Friday,23,6,25,2,2017
20170624,2017-06-24,Saturday,24,6,25,2,2017
20170625,2017-06-25,Sunday,25,6,25,2,2017
20170626,2017-06-26,Monday,26,6,26,2,2017
20170627,2017-06-27,Tuesday,27,6,26,2,2017
20170628,2017-06-28,Wednesday,28,6,26,2,2017
20170629,2017-06-29,Thursday,29,6,26,2,2017
20170630,2017-06-30,Friday,30,6,26,2,2017
20170701,2017-07-01,Saturday,1,7,26,3,2017
20170702,2017-07-02,Sunday,2,7,26,3,2017
20170703,2017-07-03,Monday,3,7,27,3,2017
20170704,2017-07-04,Tuesday,4,7,27,3,2017
20170705,2017-07-05,Wednesday,5,7,27,3,2017
20170706,2017-07-06,Thursday,6,7,27,3,2017
20170707,2017-07-07,Friday,7,7,27,3,2017
20170708,2017-07-08,Saturday,8,7,27,3,2017
20170709,2017-07-09,Sunday,9,7,27,3,2017
20170710,2017-07-10,Monday,10,7,28,3,2017
20170711,2017-07-11,Tuesday,11,7,28,3,2017
20170712,2017-07-12,Wednesday,12,7,28,3,2017
20170713,2017-07-13,Thursday,13,7,28,3,2017
20170714,2017-07-14,Friday,14,7,28,3,2017
20170715,2017-07-15,Saturday,15,7,28,3,2017
20170716,2017-07-16,Sunday,16,7,28,3,2017
20170717,2017-07-17,Monday,17,7,29,3,2017
20170718,2017-07-18,Tuesday,18,7,29,3,2017
20170719,2017-07-19,Wednesday,19,7,29,3,2017
20170720,2017-07-20,Thursday,20,7,29,3,2017
20170721,2017-07-21,Friday,21,7,29,3,2017
20170722,2017-07-22,Saturday,22,7,29,3,2017
20170723,2017-07-23,Sunday,23,7,29,3,2017
20170724,2017-07-24,Monday,24,7,30,3,2017
20170725,2017-07-25,Tuesday,25,7,30,3,2017
20170726,2017-07-26,Wednesday,26,7,30,3,2017
20170727,2017-07-27,Thursday,27,7,30,3,2017
20170728,2017-07-28,Friday,28,7,30,3,2017
20170729,2017-07-29,Saturday,29,7,30,3,2017
20170730,2017-07-30,Sunday,30,7,30,3,2017
20170731,2017-07-31,Monday,31,7,31,3,2017
20170801,2017-08-01,Tuesday,1,8,31,3,2017
20170802,2017-08-02,Wednesday,2,8,31,3,2017
20170803,2017-08-03,Thursday,3,8,31,3,2017
20170804,2017-08-04,Friday,4,8,31,3,2017
20170805,2017-08-05,Saturday,5,8,31,3,2017
20170806,2017-08-06,Sunday,6,8,31,3,2017
20170807,2017-08-07,Monday,7,8,32,3,2017
20170808,2017-08-08,Tuesday,8,8,32,3,2017
20170809,2017-08-09,Wednesday,9,8,32,3,2017
20170810,2017-08-10,Thursday,10,8,32,3,2017
20170811,2017-08-11,Friday,11,8,32,3,2017
20170812,2017-08-12,Saturday,12,8,32,3,2017
20170813,2017-08-13,Sunday,13,8,32,3,2017
20170814,2017-08-14,Monday,14,8,33,3,2017
20170815,2017-08-15,Tuesday,15,8,33,3,2017
20170816,2017-08-16,Wednesday,16,8,33,3,2017
20170817,2017-08-17,Thursday,17,8,33,3,2017
20170818,2017-08-18,Friday,18,8,33,3,2017
20170819,2017-08-19,Saturday,19,8,33,3,2017
20170820,2017-08-20,Sunday,20,8,33,3,2017
20170821,2017-08-21,Monday,21,8,34,3,2017
20170822,2017-08-22,Tuesday,22,8,34,3,2017
20170823,2017-08-23,Wednesday,23,8,34,3,2017
20170824,2017-08-24,Thursday,24,8,34,3,2017
20170825,2017-08-25,Friday,25,8,34,3,2017
20170826,2017-08-26,Saturday,26,8,34,3,2017
20170827,2017-08-27,Sunday,27,8,34,3,2017
20170828,2017-08-28,Monday,28,8,35,3,2017
20170829,2017-08-29,Tuesday,29,8,35,3,2017
20170830,2017-08-30,Wednesday,30,8,35,3,2017
20170831,2017-08-31,Thursday,31,8,35,3,2017
20170901,2017-09-01,Friday,1,9,35,3,2017
20170902,2017-09-02,Saturday,2,9,35,3,2017
20170903,2017-09-03,Sunday,3,9,35,3,2017
20170904,2017-09-04,Monday,4,9,36,3,2017
20170905,2017-09-05,Tuesday,5,9,36,3,2017
20170906,2017-09-06,Wednesday,6,9,36,3,2017
20170907,2017-09-07,Thursday,7,9,36,3,2017
20170908,2017-09-08,Friday,8,9,36,3,2017
20170909,2017-09-09,Saturday,9,9,36,3,2017
20170910,2017-09-10,Sunday,10,9,36,3,2017
20170911,2017-09-11,Monday,11,9,37,3,2017
20170912,2017-09-12,Tuesday,12,9,37,3,2017
20170913,2017-09-13,Wednesday,13,9,37,3,2017
20170914,2017-09-14,Thursday,14,9,37,3,2017
20170915,2017-09-15,Friday,15,9,37,3,2017
20170916,2017-09-16,Saturday,16,9,37,3,2017
20170917,2017-09-17,Sunday,17,9,37,3,2017
20170918,2017-09-18,Monday,18,9,38,3,2017
20170919,2017-09-19,Tuesday,19,9,38,3,2017
20170920,2017-09-20,Wednesday,20,9,38,3,2017
20170921,2017-09-21,Thursday,21,9,38,3,2017
20170922,2017-09-22,Friday,22,9,38,3,2017
20170923,2017-09-23,Saturday,23,9,38,3,2017
20170924,2017-09-24,Sunday,24,9,38,3,2017
20170925,2017-09-25,Monday,25,9,39,3,2017
20170926,2017-09-26,Tuesday,26,9,39,3,2017
20170927,2017-09-27,Wednesday,27,9,39,3,2017
20170928,2017-09-28,Thursday,28,9,39,3,2017
20170929,2017-09-29,Friday,29,9,39,3,2017
20170930,2017-09-30,Saturday,30,9,39,3,2017
20171001,2017-10-01,Sunday,1,10,39,4,2017
20171002,2017-10-02,Monday,2,10,40,4,2017
20171003,2017-10-03,Tuesday,3,10,40,4,2017
20171004,2017-10-04,Wednesday,4,10,40,4,2017
20171005,2017-10-05,Thursday,5,10,40,4,2017
20171006,2017-10-06,Friday,6,10,40,4,2017
20171007,2017-10-07,Saturday,7,10,40,4,2017
20171008,2017-10-08,Sunday,8,10,40,4,2017
20171009,2017-10-09,Monday,9,10,41,4,2017
20171010,2017-10-10,Tuesday,10,10,41,4,2017
20171011,2017-10-11,Wednesday,11,10,41,4,2017
20171012,2017-10-12,Thursday,12,10,41,4,2017
20171013,2017-10-13,Friday,13,10,41,4,2017
20171014,2017-10-14,Saturday,14,10,41,4,2017
20171015,2017-10-15,Sunday,15,10,41,4,2017
20171016,2017-10-16,Monday,16,10,42,4,2017
20171017,2017-10-17,Tuesday,17,10,42,4,2017
20171018,2017-10-18,Wednesday,18,10,42,4,2017
20171019,2017-10-19,Thursday,19,10,42,4,2017
20171020,2017-10-20,Friday,20,10,42,4,2017
20171021,2017-10-21,Saturday,21,10,42,4,2017
20171022,2017-10-22,Sunday,22,10,42,4,2017
20171023,2017-10-23,Monday,23,10,43,4,2017
20171024,2017-10-24,Tuesday,24,10,43,4,2017
20171025,2017-10-25,Wednesday,25,10,43,4,2017
20171026,2017-10-26,Thursday,26,10,43,4,2017
20171027,2017-10-27,Friday,27,10,43,4,2017
20171028,2017-10-28,Saturday,28,10,43,4,2017
20171029,2017-10-29,Sunday,29,10,43,4,2017
20171030,2017-10-30,Monday,30,10,44,4,2017
20171031,2017-10-31,Tuesday,31,10,44,4,2017
20171101,2017-11-01,Wednesday,1,11,44,4,2017
20171102,2017-11-02,Thursday,2,11,44,4,2017
20171103,2017-11-03,Friday,3,11,44,4,2017
20171104,2017-11-04,Saturday,4,11,44,4,2017
20171105,2017-11-05,Sunday,5,11,44,4,2017
20171106,2017-11-06,Monday,6,11,45,4,2017
20171107,2017-11-07,Tuesday,7,11,45,4,2017
20171108,2017-11-08,Wednesday,8,11,45,4,2017
20171109,2017-11-09,Thursday,9,11,45,4,2017
20171110,2017-11-10,Friday,10,11,45,4,2017
20171111,2017-11-11,Saturday,11,11,45,4,2017
20171112,2017-11-12,Sunday,12,11,45,4,2017
20171113,2017-11-13,Monday,13,11,46,4,2017
20171114,2017-11-14,Tuesday,14,11,46,4,2017
20171115,2017-11-15,Wednesday,15,11,46,4,2017
20171116,2017-11-16,Thursday,16,11,46,4,2017
20171117,2017-11-17,Friday,17,11,46,4,2017
20171118,2017-11-18,Saturday,18,11,46,4,2017
20171119,2017-11-19,Sunday,19,11,46,4,2017
20171120,2017-11-20,Monday,20,11,47,4,2017
20171121,2017-11-21,Tuesday,21,11,47,4,2017
20171122,2017-11-22,Wednesday,22,11,47,4,2017
20171123,2017-11-23,Thursday,23,11,47,4,2017
20171124,2017-11-24,Friday,24,11,47,4,2017
20171125,2017-11-25,Saturday,25,11,47,4,2017
20171126,2017-11-26,Sunday,26,11,47,4,2017
20171127,2017-11-27,Monday,27,11,48,4,2017
20171128,2017-11-28,Tuesday,28,11,48,4,2017
20171129,2017-11-29,Wednesday,29,11,48,4,2017
20171130,2017-11-30,Thursday,30,11,48,4,2017
20171201,2017-12-01,Friday,1,12,48,4,2017
20171202,2017-12-02,Saturday,2,12,48,4,2017
20171203,2017-12-03,Sunday,3,12,48,4,2017
20171204,2017-12-04,Monday,4,12,49,4,2017
20171205,2017-12-05,Tuesday,5,12,49,4,2017
20171206,2017-12-06,Wednesday,6,12,49,4,2017
20171207,2017-12-07,Thursday,7,12,49,4,2017
20171208,2017-12-08,Friday,8,12,49,4,2017
20171209,2017-12-09,Saturday,9,12,49,4,2017
20171210,2017-12-10,Sunday,10,12,49,4,2017
20171211,2017-12-11,Monday,11,12,50,4,2017
20171212,2017-12-12,Tuesday,12,12,50,4,2017
20171213,2017-12-13,Wednesday,13,12,50,4,2017
20171214,2017-12-14,Thursday,14,12,50,4,2017
20171215,2017-12-15,Friday,15,12,50,4,2017
20171216,2017-12-16,Saturday,16,12,50,4,2017
20171217,2017-12-17,Sunday,17,12,50,4,2017
20171218,2017-12-18,Monday,18,12,51,4,2017
20171219,2017-12-19,Tuesday,19,12,51,4,2017
20171220,2017-12-20,Wednesday,20,12,51,4,2017
20171221,2017-12-21,Thursday,21,12,51,4,2017
20171222,2017-12-22,Friday,22,12,51,4,2017
20171223,2017-12-23,Saturday,23,12,51,4,2017
20171224,2017-12-24,Sunday,24,12,51,4,2017
20171225,2017-12-25,Monday,25,12,52,4,2017
20171226,2017-12-26,Tuesday,26,12,52,4,2017
20171227,2017-12-27,Wednesday,27,12,52,4,2017
20171228,2017-12-28,Thursday,28,12,52,4,2017
20171229,2017-12-29,Friday,29,12,52,4,2017
20171230,2017-12-30,Saturday,30,12,52,4,2017
20171231,2017-12-31,Sunday,31,12,52,4,2017
20180101,2018-01-01,Monday,1,1,1,1,2018
20180102,2018-01-02,Tuesday,2,1,1,1,2018
20180103,2018-01-03,Wednesday,3,1,1,1,2018
20180104,2018-01-04,Thursday,4,1,1,1,2018
20180105,2018-01-05,Friday,5,1,1,1,2018
20180106,2018-01-06,Saturday,6,1,1,1,2018
20180107,2018-01-07,Sunday,7,1,1,1,2018
20180108,2018-01-08,Monday,8,1,2,1,2018
20180109,2018-01-09,Tuesday,9,1,2,1,2018
20180110,2018-01-10,Wednesday,10,1,2,1,2018
20180111,2018-01-11,Thursday,11,1,2,1,2018
20180112,2018-01-12,Friday,12,1,2,1,2018
20180113,2018-01-13,Saturday,13,1,2,1,2018
20180114,2018-01-14,Sunday,14,1,2,1,2018
20180115,2018-01-15,Monday,15,1,3,1,2018
20180116,2018-01-16,Tuesday,16,1,3,1,2018
20180117,2018-01-17,Wednesday,17,1,3,1,2018
20180118,2018-01-18,Thursday,18,1,3,1,2018
20180119,2018-01-19,Friday,19,1,3,1,2018
20180120,2018-01-20,Saturday,20,1,3,1,2018
20180121,2018-01-21,Sunday,21,1,3,1,2018
20180122,2018-01-22,Monday,22,1,4,1,2018
20180123,2018-01-23,Tuesday,23,1,4,1,2018
20180124,2018-01-24,Wednesday,24,1,4,1,2018
20180125,2018-01-25,Thursday,25,1,4,1,2018
20180126,2018-01-26,Friday,26,1,4,1,2018
20180127,2018-01-27,Saturday,27,1,4,1,2018
20180128,2018-01-28,Sunday,28,1,4,1,2018
20180129,2018-01-29,Monday,29,1,5,1,2018
20180130,2018-01-30,Tuesday,30,1,5,1,2018
20180131,2018-01-31,Wednesday,31,1,5,1,2018
20180201,2018-02-01,Thursday,1,2,5,1,2018
20180202,2018-02-02,Friday,2,2,5,1,2018
20180203,2018-02-03,Saturday,3,2,5,1,2018
20180204,2018-02-04,Sunday,4,2,5,1,2018
20180205,2018-02-05,Monday,5,2,6,1,2018
20180206,2018-02-06,Tuesday,6,2,6,1,2018
20180207,2018-02-07,Wednesday,7,2,6,1,2018
20180208,2018-02-08,Thursday,8,2,6,1,2018
20180209,2018-02-09,Friday,9,2,6,1,2018
20180210,2018-02-10,Saturday,10,2,6,1,2018
20180211,2018-02-11,Sunday,11,2,6,1,2018
20180212,2018-02-12,Monday,12,2,7,1,2018
20180213,2018-02-13,Tuesday,13,2,7,1,2018
20180214,2018-02-14,Wednesday,14,2,7,1,2018
20180215,2018-02-15,Thursday,15,2,7,1,2018
20180216,2018-02-16,Friday,16,2,7,1,2018
20180217,2018-02-17,Saturday,17,2,7,1,2018
20180218,2018-02-18,Sunday,18,2,7,1,2018
20180219,2018-02-19,Monday,19,2,8,1,2018
20180220,2018-02-20,Tuesday,20,2,8,1,2018
20180221,2018-02-21,Wednesday,21,2,8,1,2018
20180222,2018-02-22,Thursday,22,2,8,1,2018
20180223,2018-02-23,Friday,23,2,8,1,2018
20180224,2018-02-24,Saturday,24,2,8,1,2018
20180225,2018-02-25,Sunday,25,2,8,1,2018
20180226,2018-02-26,Monday,26,2,9,1,2018
20180227,2018-02-27,Tuesday,27,2,9,1,2018
20180228,2018-02-28,Wednesday,28,2,9,1,2018
20180301,2018-03-01,Thursday,1,3,9,1,2018
20180302,2018-03-02,Friday,2,3,9,1,2018
20180303,2018-03-03,Saturday,3,3,9,1,2018
20180304,2018-03-04,Sunday,4,3,9,1,2018
20180305,2018-03-05,Monday,5,3,10,1,2018
20180306,2018-03-06,Tuesday,6,3,10,1,2018
20180307,2018-03-07,Wednesday,7,3,10,1,2018
20180308,2018-03-08,Thursday,8,3,10,1,2018
20180309,2018-03-09,Friday,9,3,10,1,2018
20180310,2018-03-10,Saturday,10,3,10,1,2018
20180311,2018-03-11,Sunday,11,3,10,1,2018
20180312,2018-03-12,Monday,12,3,11,1,2018
20180313,2018-03-13,Tuesday,13,3,11,1,2018
20180314,2018-03-14,Wednesday,14,3,11,1,2018
20180315,2018-03-15,Thursday,15,3,11,1,2018
20180316,2018-03-16,Friday,16,3,11,1,2018
20180317,2018-03-17,Saturday,17,3,11,1,2018
20180318,2018-03-18,Sunday,18,3,11,1,2018
20180319,2018-03-19,Monday,19,3,12,1,2018
20180320,2018-03-20,Tuesday,20,3,12,1,2018
20180321,2018-03-21,Wednesday,21,3,12,1,2018
20180322,2018-03-22,Thursday,22,3,12,1,2018
20180323,2018-03-23,Friday,23,3,12,1,2018
20180324,2018-03-24,Saturday,24,3,12,1,2018
20180325,2018-03-25,Sunday,25,3,12,1,2018
20180326,2018-03-26,Monday,26,3,13,1,2018
20180327,2018-03-27,Tuesday,27,3,13,1,2018
20180328,2018-03-28,Wednesday,28,3,13,1,2018
20180329,2018-03-29,Thursday,29,3,13,1,2018
20180330,2018-03-30,Friday,30,3,13,1,2018
20180331,2018-03-31,Saturday,31,3,13,1,2018
20180401,2018-04-01,Sunday,1,4,13,2,2018
20180402,2018-04-02,Monday,2,4,14,2,2018
20180403,2018-04-03,Tuesday,3,4,14,2,2018
20180404,2018-04-04,Wednesday,4,4,14,2,2018
20180405,2018-04-05,Thursday,5,4,14,2,2018
20180406,2018-04-06,Friday,6,4,14,2,2018
20180407,2018-04-07,Saturday,7,4,14,2,2018
20180408,2018-04-08,Sunday,8,4,14,2,2018
20180409,2018-04-09,Monday,9,4,15,2,2018
20180410,2018-04-10,Tuesday,10,4,15,2,2018
20180411,2018-04-11,Wednesday,11,4,15,2,2018
20180412,2018-04-12,Thursday,12,4,15,2,2018
20180413,2018-04-13,Friday,13,4,15,2,2018
20180414,2018-04-14,Saturday,14,4,15,2,2018
20180415,2018-04-15,Sunday,15,4,15,2,2018
20180416,2018-04-16,Monday,16,4,16,2,2018
20180417,2018-04-17,Tuesday,17,4,16,2,2018
20180418,2018-04-18,Wednesday,18,4,16,2,2018
20180419,2018-04-19,Thursday,19,4,16,2,2018
20180420,2018-04-20,Friday,20,4,16,2,2018
20180421,2018-04-21,Saturday,21,4,16,2,2018
20180422,2018-04-22,Sunday,22,4,16,2,2018
20180423,2018-04-23,Monday,23,4,17,2,2018
20180424,2018-04-24,Tuesday,24,4,17,2,2018
20180425,2018-04-25,Wednesday,25,4,17,2,2018
20180426,2018-04-26,Thursday,26,4,17,2,2018
20180427,2018-04-27,Friday,27,4,17,2,2018
20180428,2018-04-28,Saturday,28,4,17,2,2018
20180429,2018-04-29,Sunday,29,4,17,2,2018
20180430,2018-04-30,Monday,30,4,18,2,2018
20180501,2018-05-01,Tuesday,1,5,18,2,2018
20180502,2018-05-02,Wednesday,2,5,18,2,2018
20180503,2018-05-03,Thursday,3,5,18,2,2018
20180504,2018-05-04,Friday,4,5,18,2,2018
20180505,2018-05-05,Saturday,5,5,18,2,2018
20180506,2018-05-06,Sunday,6,5,18,2,2018
20180507,2018-05-07,Monday,7,5,19,2,2018
20180508,2018-05-08,Tuesday,8,5,19,2,2018
20180509,2018-05-09,Wednesday,9,5,19,2,2018
20180510,2018-05-10,Thursday,10,5,19,2,2018
20180511,2018-05-11,Friday,11,5,19,2,2018
20180512,2018-05-12,Saturday,12,5,19,2,2018
20180513,2018-05-13,Sunday,13,5,19,2,2018
20180514,2018-05-14,Monday,14,5,20,2,2018
20180515,2018-05-15,Tuesday,15,5,20,2,2018
20180516,2018-05-16,Wednesday,16,5,20,2,2018
20180517,2018-05-17,Thursday,17,5,20,2,2018
20180518,2018-05-18,Friday,18,5,20,2,2018
20180519,2018-05-19,Saturday,19,5,20,2,2018
20180520,2018-05-20,Sunday,20,5,20,2,2018
20180521,2018-05-21,Monday,21,5,21,2,2018
20180522,2018-05-22,Tuesday,22,5,21,2,2018
20180523,2018-05-23,Wednesday,23,5,21,2,2018
20180524,2018-05-24,Thursday,24,5,21,2,2018
20180525,2018-05-25,Friday,25,5,21,2,2018
20180526,2018-05-26,Saturday,26,5,21,2,2018
20180527,2018-05-27,Sunday,27,5,21,2,2018
20180528,2018-05-28,Monday,28,5,22,2,2018
20180529,2018-05-29,Tuesday,29,5,22,2,2018
20180530,2018-05-30,Wednesday,30,5,22,2,2018
20180531,2018-05-31,Thursday,31,5,22,2,2018
20180601,2018-06-01,Friday,1,6,22,2,2018
20180602,2018-06-02,Saturday,2,6,22,2,2018
20180603,2018-06-03,Sunday,3,6,22,2,2018
20180604,2018-06-04,Monday,4,6,23,2,2018
20180605,2018-06-05,Tuesday,5,6,23,2,2018
20180606,2018-06-06,Wednesday,6,6,23,2,2018
20180607,2018-06-07,Thursday,7,6,23,2,2018
20180608,2018-06-08,Friday,8,6,23,2,2018
20180609,2018-06-09,Saturday,9,6,23,2,2018
20180610,2018-06-10,Sunday,10,6,23,2,2018
20180611,2018-06-11,Monday,11,6,24,2,2018
20180612,2018-06-12,Tuesday,12,6,24,2,2018
20180613,2018-06-13,Wednesday,13,6,24,2,2018
20180614,2018-06-14,Thursday,14,6,24,2,2018
20180615,2018-06-15,Friday,15,6,24,2,2018
20180616,2018-06-16,Saturday,16,6,24,2,2018
20180617,2018-06-17,Sunday,17,6,24,2,2018
20180618,2018-06-18,Monday,18,6,25,2,2018
20180619,2018-06-19,Tuesday,19,6,25,2,2018
20180620,2018-06-20,Wednesday,20,6,25,2,2018
20180621,2018-06-21,Thursday,21,6,25,2,2018
20180622,2018-06-22,Friday,22,6,25,2,2018
20180623,2018-06-23,Saturday,23,6,25,2,2018
20180624,2018-06-24,Sunday,24,6,25,2,2018
20180625,2018-06-25,Monday,25,6,26,2,2018
20180626,2018-06-26,Tuesday,26,6,26,2,2018
20180627,2018-06-27,Wednesday,27,6,26,2,2018
20180628,2018-06-28,Thursday,28,6,26,2,2018
20180629,2018-06-29,Friday,29,6,26,2,2018
20180630,2018-06-30,Saturday,30,6,26,2,2018
20180701,2018-07-01,Sunday,1,7,26,3,2018
20180702,2018-07-02,Monday,2,7,27,3,2018
20180703,2018-07-03,Tuesday,3,7,27,3,2018
20180704,2018-07-04,Wednesday,4,7,27,3,2018
20180705,2018-07-05,Thursday,5,7,27,3,2018
20180706,2018-07-06,Friday,6,7,27,3,2018
20180707,2018-07-07,Saturday,7,7,27,3,2018
20180708,2018-07-08,Sunday,8,7,27,3,2018
20180709,2018-07-09,Monday,9,7,28,3,2018
20180710,2018-07-10,Tuesday,10,7,28,3,2018
20180711,2018-07-11,Wednesday,11,7,28,3,2018
20180712,2018-07-12,Thursday,12,7,28,3,2018
20180713,2018-07-13,Friday,13,7,28,3,2018
20180714,2018-07-14,Saturday,14,7,28,3,2018
20180715,2018-07-15,Sunday,15,7,28,3,2018
20180716,2018-07-16,Monday,16,7,29,3,2018
20180717,2018-07-17,Tuesday,17,7,29,3,2018
20180718,2018-07-18,Wednesday,18,7,29,3,2018
20180719,2018-07-19,Thursday,19,7,29,3,2018
20180720,2018-07-20,Friday,20,7,29,3,2018
20180721,2018-07-21,Saturday,21,7,29,3,2018
20180722,2018-07-22,Sunday,22,7,29,3,2018
20180723,2018-07-23,Monday,23,7,30,3,2018
20180724,2018-07-24,Tuesday,24,7,30,3,2018
20180725,2018-07-25,Wednesday,25,7,30,3,2018
20180726,2018-07-26,Thursday,26,7,30,3,2018
20180727,2018-07-27,Friday,27,7,30,3,2018
20180728,2018-07-28,Saturday,28,7,30,3,2018
20180729,2018-07-29,Sunday,29,7,30,3,2018
20180730,2018-07-30,Monday,30,7,31,3,2018
20180731,2018-07-31,Tuesday,31,7,31,3,2018
20180801,2018-08-01,Wednesday,1,8,31,3,2018
20180802,2018-08-02,Thursday,2,8,31,3,2018
20180803,2018-08-03,Friday,3,8,31,3,2018
20180804,2018-08-04,Saturday,4,8,31,3,2018
20180805,2018-08-05,Sunday,5,8,31,3,2018
20180806,2018-08-06,Monday,6,8,32,3,2018
20180807,2018-08-07,Tuesday,7,8,32,3,2018
20180808,2018-08-08,Wednesday,8,8,32,3,2018
20180809,2018-08-09,Thursday,9,8,32,3,2018
20180810,2018-08-10,Friday,10,8,32,3,2018
20180811,2018-08-11,Saturday,11,8,32,3,2018
20180812,2018-08-12,Sunday,12,8,32,3,2018
20180813,2018-08-13,Monday,13,8,33,3,2018
20180814,2018-08-14,Tuesday,14,8,33,3,2018
20180815,2018-08-15,Wednesday,15,8,33,3,2018
20180816,2018-08-16,Thursday,16,8,33,3,2018
20180817,2018-08-17,Friday,17,8,33,3,2018
20180818,2018-08-18,Saturday,18,8,33,3,2018
20180819,2018-08-19,Sunday,19,8,33,3,2018
20180820,2018-08-20,Monday,20,8,34,3,2018
20180821,2018-08-21,Tuesday,21,8,34,3,2018
20180822,2018-08-22,Wednesday,22,8,34,3,2018
20180823,2018-08-23,Thursday,23,8,34,3,2018
20180824,2018-08-24,Friday,24,8,34,3,2018
20180825,2018-08-25,Saturday,25,8,34,3,2018
20180826,2018-08-26,Sunday,26,8,34,3,2018
20180827,2018-08-27,Monday,27,8,35,3,2018
20180828,2018-08-28,Tuesday,28,8,35,3,2018
20180829,2018-08-29,Wednesday,29,8,35,3,2018
20180830,2018-08-30,Thursday,30,8,35,3,2018
20180831,2018-08-31,Friday,31,8,35,3,2018
20180901,2018-09-01,Saturday,1,9,35,3,2018
20180902,2018-09-02,Sunday,2,9,35,3,2018
20180903,2018-09-03,Monday,3,9,36,3,2018
20180904,2018-09-04,Tuesday,4,9,36,3,2018
20180905,2018-09-05,Wednesday,5,9,36,3,2018
20180906,2018-09-06,Thursday,6,9,36,3,2018
20180907,2018-09-07,Friday,7,9,36,3,2018
20180908,2018-09-08,Saturday,8,9,36,3,2018
20180909,2018-09-09,Sunday,9,9,36,3,2018
20180910,2018-09-10,Monday,10,9,37,3,2018
20180911,2018-09-11,Tuesday,11,9,37,3,2018
20180912,2018-09-12,Wednesday,12,9,37,3,2018
20180913,2018-09-13,Thursday,13,9,37,3,2018
20180914,2018-09-14,Friday,14,9,37,3,2018
20180915,2018-09-15,Saturday,15,9,37,3,2018
20180916,2018-09-16,Sunday,16,9,37,3,2018
20180917,2018-09-17,Monday,17,9,38,3,2018
20180918,2018-09-18,Tuesday,18,9,38,3,2018
20180919,2018-09-19,Wednesday,19,9,38,3,2018
20180920,2018-09-20,Thursday,20,9,38,3,2018
20180921,2018-09-21,Friday,21,9,38,3,2018
20180922,2018-09-22,Saturday,22,9,38,3,2018
20180923,2018-09-23,Sunday,23,9,38,3,2018
20180924,2018-09-24,Monday,24,9,39,3,2018
20180925,2018-09-25,Tuesday,25,9,39,3,2018
20180926,2018-09-26,Wednesday,26,9,39,3,2018
20180927,2018-09-27,Thursday,27,9,39,3,2018
20180928,2018-09-28,Friday,28,9,39,3,2018
20180929,2018-09-29,Saturday,29,9,39,3,2018
20180930,2018-09-30,Sunday,30,9,39,3,2018
20181001,2018-10-01,Monday,1,10,40,4,2018
20181002,2018-10-02,Tuesday,2,10,40,4,2018
20181003,2018-10-03,Wednesday,3,10,40,4,2018
20181004,2018-10-04,Thursday,4,10,40,4,2018
20181005,2018-10-05,Friday,5,10,40,4,2018
20181006,2018-10-06,Saturday,6,10,40,4,2018
20181007,2018-10-07,Sunday,7,10,40,4,2018
20181008,2018-10-08,Monday,8,10,41,4,2018
20181009,2018-10-09,Tuesday,9,10,41,4,2018
20181010,2018-10-10,Wednesday,10,10,41,4,2018
20181011,2018-10-11,Thursday,11,10,41,4,2018
20181012,2018-10-12,Friday,12,10,41,4,2018
20181013,2018-10-13,Saturday,13,10,41,4,2018
20181014,2018-10-14,Sunday,14,10,41,4,2018
20181015,2018-10-15,Monday,15,10,42,4,2018
20181016,2018-10-16,Tuesday,16,10,42,4,2018
20181017,2018-10-17,Wednesday,17,10,42,4,2018
20181018,2018-10-18,Thursday,18,10,42,4,2018
20181019,2018-10-19,Friday,19,10,42,4,2018
20181020,2018-10-20,Saturday,20,10,42,4,2018
20181021,2018-10-21,Sunday,21,10,42,4,2018
20181022,2018-10-22,Monday,22,10,43,4,2018
20181023,2018-10-23,Tuesday,23,10,43,4,2018
20181024,2018-10-24,Wednesday,24,10,43,4,2018
20181025,2018-10-25,Thursday,25,10,43,4,2018
20181026,2018-10-26,Friday,26,10,43,4,2018
20181027,2018-10-27,Saturday,27,10,43,4,2018
20181028,2018-10-28,Sunday,28,10,43,4,2018
20181029,2018-10-29,Monday,29,10,44,4,2018
20181030,2018-10-30,Tuesday,30,10,44,4,2018
20181031,2018-10-31,Wednesday,31,10,44,4,2018
20181101,2018-11-01,Thursday,1,11,44,4,2018
20181102,2018-11-02,Friday,2,11,44,4,2018
20181103,2018-11-03,Saturday,3,11,44,4,2018
20181104,2018-11-04,Sunday,4,11,44,4,2018
20181105,2018-11-05,Monday,5,11,45,4,2018
20181106,2018-11-06,Tuesday,6,11,45,4,2018
20181107,2018-11-07,Wednesday,7,11,45,4,2018
20181108,2018-11-08,Thursday,8,11,45,4,2018
20181109,2018-11-09,Friday,9,11,45,4,2018
20181110,2018-11-10,Saturday,10,11,45,4,2018
20181111,2018-11-11,Sunday,11,11,45,4,2018
20181112,2018-11-12,Monday,12,11,46,4,2018
20181113,2018-11-13,Tuesday,13,11,46,4,2018
20181114,2018-11-14,Wednesday,14,11,46,4,2018
20181115,2018-11-15,Thursday,15,11,46,4,2018
20181116,2018-11-16,Friday,16,11,46,4,2018
20181117,2018-11-17,Saturday,17,11,46,4,2018
20181118,2018-11-18,Sunday,18,11,46,4,2018
20181119,2018-11-19,Monday,19,11,47,4,2018
20181120,2018-11-20,Tuesday,20,11,47,4,2018
20181121,2018-11-21,Wednesday,21,11,47,4,2018
20181122,2018-11-22,Thursday,22,11,47,4,2018
20181123,2018-11-23,Friday,23,11,47,4,2018
20181124,2018-11-24,Saturday,24,11,47,4,2018
20181125,2018-11-25,Sunday,25,11,47,4,2018
20181126,2018-11-26,Monday,26,11,48,4,2018
20181127,2018-11-27,Tuesday,27,11,48,4,2018
20181128,2018-11-28,Wednesday,28,11,48,4,2018
20181129,2018-11-29,Thursday,29,11,48,4,2018
20181130,2018-11-30,Friday,30,11,48,4,2018
20181201,2018-12-01,Saturday,1,12,48,4,2018
20181202,2018-12-02,Sunday,2,12,48,4,2018
20181203,2018-12-03,Monday,3,12,49,4,2018
20181204,2018-12-04,Tuesday,4,12,49,4,2018
20181205,2018-12-05,Wednesday,5,12,49,4,2018
20181206,2018-12-06,Thursday,6,12,49,4,2018
20181207,2018-12-07,Friday,7,12,49,4,2018
20181208,2018-12-08,Saturday,8,12,49,4,2018
20181209,2018-12-09,Sunday,9,12,49,4,2018
20181210,2018-12-10,Monday,10,12,50,4,2018
20181211,2018-12-11,Tuesday,11,12,50,4,2018
20181212,2018-12-12,Wednesday,12,12,50,4,2018
20181213,2018-12-13,Thursday,13,12,50,4,2018
20181214,2018-12-14,Friday,14,12,50,4,2018
20181215,2018-12-15,Saturday,15,12,50,4,2018
20181216,2018-12-16,Sunday,16,12,50,4,2018
20181217,2018-12-17,Monday,17,12,51,4,2018
20181218,2018-12-18,Tuesday,18,12,51,4,2018
20181219,2018-12-19,Wednesday,19,12,51,4,2018
20181220,2018-12-20,Thursday,20,12,51,4,2018
20181221,2018-12-21,Friday,21,12,51,4,2018
20181222,2018-12-22,Saturday,22,12,51,4,2018
20181223,2018-12-23,Sunday,23,12,51,4,2018
20181224,2018-12-24,Monday,24,12,52,4,2018
20181225,2018-12-25,Tuesday,25,12,52,4,2018
20181226,2018-12-26,Wednesday,26,12,52,4,2018
20181227,2018-12-27,Thursday,27,12,52,4,2018
20181228,2018-12-28,Friday,28,12,52,4,2018
20181229,2018-12-29,Saturday,29,12,52,4,2018
20181230,2018-12-30,Sunday,30,12,52,4,2018
20181231,2018-12-31,Monday,31,12,1,4,2018
20190101,2019-01-01,Tuesday,1,1,1,1,2019
20190102,2019-01-02,Wednesday,2,1,1,1,2019
20190103,2019-01-03,Thursday,3,1,1,1,2019
20190104,2019-01-04,Friday,4,1,1,1,2019
20190105,2019-01-05,Saturday,5,1,1,1,2019
20190106,2019-01-06,Sunday,6,1,1,1,2019
20190107,2019-01-07,Monday,7,1,2,1,2019
20190108,2019-01-08,Tuesday,8,1,2,1,2019
20190109,2019-01-09,Wednesday,9,1,2,1,2019
20190110,2019-01-10,Thursday,10,1,2,1,2019
20190111,2019-01-11,Friday,11,1,2,1,2019
20190112,2019-01-12,Saturday,12,1,2,1,2019
20190113,2019-01-13,Sunday,13,1,2,1,2019
20190114,2019-01-14,Monday,14,1,3,1,2019
20190115,2019-01-15,Tuesday,15,1,3,1,2019
20190116,2019-01-16,Wednesday,16,1,3,1,2019
20190117,2019-01-17,Thursday,17,1,3,1,2019
20190118,2019-01-18,Friday,18,1,3,1,2019
20190119,2019-01-19,Saturday,19,1,3,1,2019
20190120,2019-01-20,Sunday,20,1,3,1,2019
20190121,2019-01-21,Monday,21,1,4,1,2019
20190122,2019-01-22,Tuesday,22,1,4,1,2019
20190123,2019-01-23,Wednesday,23,1,4,1,2019
20190124,2019-01-24,Thursday,24,1,4,1,2019
20190125,2019-01-25,Friday,25,1,4,1,2019
20190126,2019-01-26,Saturday,26,1,4,1,2019
20190127,2019-01-27,Sunday,27,1,4,1,2019
20190128,2019-01-28,Monday,28,1,5,1,2019
20190129,2019-01-29,Tuesday,29,1,5,1,2019
20190130,2019-01-30,Wednesday,30,1,5,1,2019
20190131,2019-01-31,Thursday,31,1,5,1,2019
20190201,2019-02-01,Friday,1,2,5,1,2019
20190202,2019-02-02,Saturday,2,2,5,1,2019
20190203,2019-02-03,Sunday,3,2,5,1,2019
20190204,2019-02-04,Monday,4,2,6,1,2019
20190205,2019-02-05,Tuesday,5,2,6,1,2019
20190206,2019-02-06,Wednesday,6,2,6,1,2019
20190207,2019-02-07,Thursday,7,2,6,1,2019
20190208,2019-02-08,Friday,8,2,6,1,2019
20190209,2019-02-09,Saturday,9,2,6,1,2019
20190210,2019-02-10,Sunday,10,2,6,1,2019
20190211,2019-02-11,Monday,11,2,7,1,2019
20190212,2019-02-12,Tuesday,12,2,7,1,2019
20190213,2019-02-13,Wednesday,13,2,7,1,2019
20190214,2019-02-14,Thursday,14,2,7,1,2019
20190215,2019-02-15,Friday,15,2,7,1,2019
20190216,2019-02-16,Saturday,16,2,7,1,2019
20190217,2019-02-17,Sunday,17,2,7,1,2019
20190218,2019-02-18,Monday,18,2,8,1,2019
20190219,2019-02-19,Tuesday,19,2,8,1,2019
20190220,2019-02-20,Wednesday,20,2,8,1,2019
20190221,2019-02-21,Thursday,21,2,8,1,2019
20190222,2019-02-22,Friday,22,2,8,1,2019
20190223,2019-02-23,Saturday,23,2,8,1,2019
20190224,2019-02-24,Sunday,24,2,8,1,2019
20190225,2019-02-25,Monday,25,2,9,1,2019
20190226,2019-02-26,Tuesday,26,2,9,1,2019
20190227,2019-02-27,Wednesday,27,2,9,1,2019
20190228,2019-02-28,Thursday,28,2,9,1,2019
20190301,2019-03-01,Friday,1,3,9,1,2019
20190302,2019-03-02,Saturday,2,3,9,1,2019
20190303,2019-03-03,Sunday,3,3,9,1,2019
20190304,2019-03-04,Monday,4,3,10,1,2019
20190305,2019-03-05,Tuesday,5,3,10,1,2019
20190306,2019-03-06,Wednesday,6,3,10,1,2019
20190307,2019-03-07,Thursday,7,3,10,1,2019
20190308,2019-03-08,Friday,8,3,10,1,2019
20190309,2019-03-09,Saturday,9,3,10,1,2019
20190310,2019-03-10,Sunday,10,3,10,1,2019
20190311,2019-03-11,Monday,11,3,11,1,2019
20190312,2019-03-12,Tuesday,12,3,11,1,2019
20190313,2019-03-13,Wednesday,13,3,11,1,2019
20190314,2019-03-14,Thursday,14,3,11,1,2019
20190315,2019-03-15,Friday,15,3,11,1,2019
20190316,2019-03-16,Saturday,16,3,11,1,2019
20190317,2019-03-17,Sunday,17,3,11,1,2019
20190318,2019-03-18,Monday,18,3,12,1,2019
20190319,2019-03-19,Tuesday,19,3,12,1,2019
20190320,2019-03-20,Wednesday,20,3,12,1,2019
20190321,2019-03-21,Thursday,21,3,12,1,2019
20190322,2019-03-22,Friday,22,3,12,1,2019
20190323,2019-03-23,Saturday,23,3,12,1,2019
20190324,2019-03-24,Sunday,24,3,12,1,2019
20190325,2019-03-25,Monday,25,3,13,1,2019
20190326,2019-03-26,Tuesday,26,3,13,1,2019
20190327,2019-03-27,Wednesday,27,3,13,1,2019
20190328,2019-03-28,Thursday,28,3,13,1,2019
20190329,2019-03-29,Friday,29,3,13,1,2019
20190330,2019-03-30,Saturday,30,3,13,1,2019
20190331,2019-03-31,Sunday,31,3,13,1,2019
20190401,2019-04-01,Monday,1,4,14,2,2019
20190402,2019-04-02,Tuesday,2,4,14,2,2019
20190403,2019-04-03,Wednesday,3,4,14,2,2019
20190404,2019-04-04,Thursday,4,4,14,2,2019
20190405,2019-04-05,Friday,5,4,14,2,2019
20190406,2019-04-06,Saturday,6,4,14,2,2019
20190407,2019-04-07,Sunday,7,4,14,2,2019
20190408,2019-04-08,Monday,8,4,15,2,2019
20190409,2019-04-09,Tuesday,9,4,15,2,2019
20190410,2019-04-10,Wednesday,10,4,15,2,2019
20190411,2019-04-11,Thursday,11,4,15,2,2019
20190412,2019-04-12,Friday,12,4,15,2,2019
20190413,2019-04-13,Saturday,13,4,15,2,2019
20190414,2019-04-14,Sunday,14,4,15,2,2019
20190415,2019-04-15,Monday,15,4,16,2,2019
20190416,2019-04-16,Tuesday,16,4,16,2,2019
20190417,2019-04-17,Wednesday,17,4,16,2,2019
20190418,2019-04-18,Thursday,18,4,16,2,2019
20190419,2019-04-19,Friday,19,4,16,2,2019
20190420,2019-04-20,Saturday,20,4,16,2,2019
20190421,2019-04-21,Sunday,21,4,16,2,2019
20190422,2019-04-22,Monday,22,4,17,2,2019
20190423,2019-04-23,Tuesday,23,4,17,2,2019
20190424,2019-04-24,Wednesday,24,4,17,2,2019
20190425,2019-04-25,Thursday,25,4,17,2,2019
20190426,2019-04-26,Friday,26,4,17,2,2019
20190427,2019-04-27,Saturday,27,4,17,2,2019
20190428,2019-04-28,Sunday,28,4,17,2,2019
20190429,2019-04-29,Monday,29,4,18,2,2019
20190430,2019-04-30,Tuesday,30,4,18,2,2019
20190501,2019-05-01,Wednesday,1,5,18,2,2019
20190502,2019-05-02,Thursday,2,5,18,2,2019
20190503,2019-05-03,Friday,3,5,18,2,2019
20190504,2019-05-04,Saturday,4,5,18,2,2019
20190505,2019-05-05,Sunday,5,5,18,2,2019
20190506,2019-05-06,Monday,6,5,19,2,2019
20190507,2019-05-07,Tuesday,7,5,19,2,2019
20190508,2019-05-08,Wednesday,8,5,19,2,2019
20190509,2019-05-09,Thursday,9,5,19,2,2019
20190510,2019-05-10,Friday,10,5,19,2,2019
20190511,2019-05-11,Saturday,11,5,19,2,2019
20190512,2019-05-12,Sunday,12,5,19,2,2019
20190513,2019-05-13,Monday,13,5,20,2,2019
20190514,2019-05-14,Tuesday,14,5,20,2,2019
20190515,2019-05-15,Wednesday,15,5,20,2,2019
20190516,2019-05-16,Thursday,16,5,20,2,2019
20190517,2019-05-17,Friday,17,5,20,2,2019
20190518,2019-05-18,Saturday,18,5,20,2,2019
20190519,2019-05-19,Sunday,19,5,20,2,2019
20190520,2019-05-20,Monday,20,5,21,2,2019
20190521,2019-05-21,Tuesday,21,5,21,2,2019
20190522,2019-05-22,Wednesday,22,5,21,2,2019
20190523,2019-05-23,Thursday,23,5,21,2,2019
20190524,2019-05-24,Friday,24,5,21,2,2019
20190525,2019-05-25,Saturday,25,5,21,2,2019
20190526,2019-05-26,Sunday,26,5,21,2,2019
20190527,2019-05-27,Monday,27,5,22,2,2019
20190528,2019-05-28,Tuesday,28,5,22,2,2019
20190529,2019-05-29,Wednesday,29,5,22,2,2019
20190530,2019-05-30,Thursday,30,5,22,2,2019
20190531,2019-05-31,Friday,31,5,22,2,2019
20190601,2019-06-01,Saturday,1,6,22,2,2019
20190602,2019-06-02,Sunday,2,6,22,2,2019
20190603,2019-06-03,Monday,3,6,23,2,2019
20190604,2019-06-04,Tuesday,4,6,23,2,2019
20190605,2019-06-05,Wednesday,5,6,23,2,2019
20190606,2019-06-06,Thursday,6,6,23,2,2019
20190607,2019-06-07,Friday,7,6,23,2,2019
20190608,2019-06-08,Saturday,8,6,23,2,2019
20190609,2019-06-09,Sunday,9,6,23,2,2019
20190610,2019-06-10,Monday,10,6,24,2,2019
20190611,2019-06-11,Tuesday,11,6,24,2,2019
20190612,2019-06-12,Wednesday,12,6,24,2,2019
20190613,2019-06-13,Thursday,13,6,24,2,2019
20190614,2019-06-14,Friday,14,6,24,2,2019
20190615,2019-06-15,Saturday,15,6,24,2,2019
20190616,2019-06-16,Sunday,16,6,24,2,2019
20190617,2019-06-17,Monday,17,6,25,2,2019
20190618,2019-06-18,Tuesday,18,6,25,2,2019
20190619,2019-06-19,Wednesday,19,6,25,2,2019
20190620,2019-06-20,Thursday,20,6,25,2,2019
20190621,2019-06-21,Friday,21,6,25,2,2019
20190622,2019-06-22,Saturday,22,6,25,2,2019
20190623,2019-06-23,Sunday,23,6,25,2,2019
20190624,2019-06-24,Monday,24,6,26,2,2019
20190625,2019-06-25,Tuesday,25,6,26,2,2019
20190626,2019-06-26,Wednesday,26,6,26,2,2019
20190627,2019-06-27,Thursday,27,6,26,2,2019
20190628,2019-06-28,Friday,28,6,26,2,2019
20190629,2019-06-29,Saturday,29,6,26,2,2019
20190630,2019-06-30,Sunday,30,6,26,2,2019
20190701,2019-07-01,Monday,1,7,27,3,2019
20190702,2019-07-02,Tuesday,2,7,27,3,2019
20190703,2019-07-03,Wednesday,3,7,27,3,2019
20190704,2019-07-04,Thursday,4,7,27,3,2019
20190705,2019-07-05,Friday,5,7,27,3,2019
20190706,2019-07-06,Saturday,6,7,27,3,2019
20190707,2019-07-07,Sunday,7,7,27,3,2019
20190708,2019-07-08,Monday,8,7,28,3,2019
20190709,2019-07-09,Tuesday,9,7,28,3,2019
20190710,2019-07-10,Wednesday,10,7,28,3,2019
20190711,2019-07-11,Thursday,11,7,28,3,2019
20190712,2019-07-12,Friday,12,7,28,3,2019
20190713,2019-07-13,Saturday,13,7,28,3,2019
20190714,2019-07-14,Sunday,14,7,28,3,2019
20190715,2019-07-15,Monday,15,7,29,3,2019
20190716,2019-07-16,Tuesday,16,7,29,3,2019
20190717,2019-07-17,Wednesday,17,7,29,3,2019
20190718,2019-07-18,Thursday,18,7,29,3,2019
20190719,2019-07-19,Friday,19,7,29,3,2019
20190720,2019-07-20,Saturday,20,7,29,3,2019
20190721,2019-07-21,Sunday,21,7,29,3,2019
20190722,2019-07-22,Monday,22,7,30,3,2019
20190723,2019-07-23,Tuesday,23,7,30,3,2019
20190724,2019-07-24,Wednesday,24,7,30,3,2019
20190725,2019-07-25,Thursday,25,7,30,3,2019
20190726,2019-07-26,Friday,26,7,30,3,2019
20190727,2019-07-27,Saturday,27,7,30,3,2019
20190728,2019-07-28,Sunday,28,7,30,3,2019
20190729,2019-07-29,Monday,29,7,31,3,2019
20190730,2019-07-30,Tuesday,30,7,31,3,2019
20190731,2019-07-31,Wednesday,31,7,31,3,2019
20190801,2019-08-01,Thursday,1,8,31,3,2019
20190802,2019-08-02,Friday,2,8,31,3,2019
20190803,2019-08-03,Saturday,3,8,31,3,2019
20190804,2019-08-04,Sunday,4,8,31,3,2019
20190805,2019-08-05,Monday,5,8,32,3,2019
20190806,2019-08-06,Tuesday,6,8,32,3,2019
20190807,2019-08-07,Wednesday,7,8,32,3,2019
20190808,2019-08-08,Thursday,8,8,32,3,2019
20190809,2019-08-09,Friday,9,8,32,3,2019
20190810,2019-08-10,Saturday,10,8,32,3,2019
20190811,2019-08-11,Sunday,11,8,32,3,2019
20190812,2019-08-12,Monday,12,8,33,3,2019
20190813,2019-08-13,Tuesday,13,8,33,3,2019
20190814,2019-08-14,Wednesday,14,8,33,3,2019
20190815,2019-08-15,Thursday,15,8,33,3,2019
20190816,2019-08-16,Friday,16,8,33,3,2019
20190817,2019-08-17,Saturday,17,8,33,3,2019
20190818,2019-08-18,Sunday,18,8,33,3,2019
20190819,2019-08-19,Monday,19,8,34,3,2019
20190820,2019-08-20,Tuesday,20,8,34,3,2019
20190821,2019-08-21,Wednesday,21,8,34,3,2019
20190822,2019-08-22,Thursday,22,8,34,3,2019
20190823,2019-08-23,Friday,23,8,34,3,2019
20190824,2019-08-24,Saturday,24,8,34,3,2019
20190825,2019-08-25,Sunday,25,8,34,3,2019
20190826,2019-08-26,Monday,26,8,35,3,2019
20190827,2019-08-27,Tuesday,27,8,35,3,2019
20190828,2019-08-28,Wednesday,28,8,35,3,2019
20190829,2019-08-29,Thursday,29,8,35,3,2019
20190830,2019-08-30,Friday,30,8,35,3,2019
20190831,2019-08-31,Saturday,31,8,35,3,2019
20190901,2019-09-01,Sunday,1,9,35,3,2019
20190902,2019-09-02,Monday,2,9,36,3,2019
20190903,2019-09-03,Tuesday,3,9,36,3,2019
20190904,2019-09-04,Wednesday,4,9,36,3,2019
20190905,2019-09-05,Thursday,5,9,36,3,2019
20190906,2019-09-06,Friday,6,9,36,3,2019
20190907,2019-09-07,Saturday,7,9,36,3,2019
20190908,2019-09-08,Sunday,8,9,36,3,2019
20190909,2019-09-09,Monday,9,9,37,3,2019
20190910,2019-09-10,Tuesday,10,9,37,3,2019
20190911,2019-09-11,Wednesday,11,9,37,3,2019
20190912,2019-09-12,Thursday,12,9,37,3,2019
20190913,2019-09-13,Friday,13,9,37,3,2019
20190914,2019-09-14,Saturday,14,9,37,3,2019
20190915,2019-09-15,Sunday,15,9,37,3,2019
20190916,2019-09-16,Monday,16,9,38,3,2019
20190917,2019-09-17,Tuesday,17,9,38,3,2019
20190918,2019-09-18,Wednesday,18,9,38,3,2019
20190919,2019-09-19,Thursday,19,9,38,3,2019
20190920,2019-09-20,Friday,20,9,38,3,2019
20190921,2019-09-21,Saturday,21,9,38,3,2019
20190922,2019-09-22,Sunday,22,9,38,3,2019
20190923,2019-09-23,Monday,23,9,39,3,2019
20190924,2019-09-24,Tuesday,24,9,39,3,2019
20190925,2019-09-25,Wednesday,25,9,39,3,2019
20190926,2019-09-26,Thursday,26,9,39,3,2019
20190927,2019-09-27,Friday,27,9,39,3,2019
20190928,2019-09-28,Saturday,28,9,39,3,2019
20190929,2019-09-29,Sunday,29,9,39,3,2019
20190930,2019-09-30,Monday,30,9,40,3,2019
20191001,2019-10-01,Tuesday,1,10,40,4,2019
20191002,2019-10-02,Wednesday,2,10,40,4,2019
20191003,2019-10-03,Thursday,3,10,40,4,2019
20191004,2019-10-04,Friday,4,10,40,4,2019
20191005,2019-10-05,Saturday,5,10,40,4,2019
20191006,2019-10-06,Sunday,6,10,40,4,2019
20191007,2019-10-07,Monday,7,10,41,4,2019
20191008,2019-10-08,Tuesday,8,10,41,4,2019
20191009,2019-10-09,Wednesday,9,10,41,4,2019
20191010,2019-10-10,Thursday,10,10,41,4,2019
20191011,2019-10-11,Friday,11,10,41,4,2019
20191012,2019-10-12,Saturday,12,10,41,4,2019
20191013,2019-10-13,Sunday,13,10,41,4,2019
20191014,2019-10-14,Monday,14,10,42,4,2019
20191015,2019-10-15,Tuesday,15,10,42,4,2019
20191016,2019-10-16,Wednesday,16,10,42,4,2019
20191017,2019-10-17,Thursday,17,10,42,4,2019
20191018,2019-10-18,Friday,18,10,42,4,2019
20191019,2019-10-19,Saturday,19,10,42,4,2019
20191020,2019-10-20,Sunday,20,10,42,4,2019
20191021,2019-10-21,Monday,21,10,43,4,2019
20191022,2019-10-22,Tuesday,22,10,43,4,2019
20191023,2019-10-23,Wednesday,23,10,43,4,2019
20191024,2019-10-24,Thursday,24,10,43,4,2019
20191025,2019-10-25,Friday,25,10,43,4,2019
20191026,2019-10-26,Saturday,26,10,43,4,2019
20191027,2019-10-27,Sunday,27,10,43,4,2019
20191028,2019-10-28,Monday,28,10,44,4,2019
20191029,2019-10-29,Tuesday,29,10,44,4,2019
20191030,2019-10-30,Wednesday,30,10,44,4,2019
20191031,2019-10-31,Thursday,31,10,44,4,2019
20191101,2019-11-01,Friday,1,11,44,4,2019
20191102,2019-11-02,Saturday,2,11,44,4,2019
20191103,2019-11-03,Sunday,3,11,44,4,2019
20191104,2019-11-04,Monday,4,11,45,4,2019
20191105,2019-11-05,Tuesday,5,11,45,4,2019
20191106,2019-11-06,Wednesday,6,11,45,4,2019
20191107,2019-11-07,Thursday,7,11,45,4,2019
20191108,2019-11-08,Friday,8,11,45,4,2019
20191109,2019-11-09,Saturday,9,11,45,4,2019
20191110,2019-11-10,Sunday,10,11,45,4,2019
20191111,2019-11-11,Monday,11,11,46,4,2019
20191112,2019-11-12,Tuesday,12,11,46,4,2019
20191113,2019-11-13,Wednesday,13,11,46,4,2019
20191114,2019-11-14,Thursday,14,11,46,4,2019
20191115,2019-11-15,Friday,15,11,46,4,2019
20191116,2019-11-16,Saturday,16,11,46,4,2019
20191117,2019-11-17,Sunday,17,11,46,4,2019
20191118,2019-11-18,Monday,18,11,47,4,2019
20191119,2019-11-19,Tuesday,19,11,47,4,2019
20191120,2019-11-20,Wednesday,20,11,47,4,2019
20191121,2019-11-21,Thursday,21,11,47,4,2019
20191122,2019-11-22,Friday,22,11,47,4,2019
20191123,2019-11-23,Saturday,23,11,47,4,2019
20191124,2019-11-24,Sunday,24,11,47,4,2019
20191125,2019-11-25,Monday,25,11,48,4,2019
20191126,2019-11-26,Tuesday,26,11,48,4,2019
20191127,2019-11-27,Wednesday,27,11,48,4,2019
20191128,2019-11-28,Thursday,28,11,48,4,2019
20191129,2019-11-29,Friday,29,11,48,4,2019
20191130,2019-11-30,Saturday,30,11,48,4,2019
20191201,2019-12-01,Sunday,1,12,48,4,2019
20191202,2019-12-02,Monday,2,12,49,4,2019
20191203,2019-12-03,Tuesday,3,12,49,4,2019
20191204,2019-12-04,Wednesday,4,12,49,4,2019
20191205,2019-12-05,Thursday,5,12,49,4,2019
20191206,2019-12-06,Friday,6,12,49,4,2019
20191207,2019-12-07,Saturday,7,12,49,4,2019
20191208,2019-12-08,Sunday,8,12,49,4,2019
20191209,2019-12-09,Monday,9,12,50,4,2019
20191210,2019-12-10,Tuesday,10,12,50,4,2019
20191211,2019-12-11,Wednesday,11,12,50,4,2019
20191212,2019-12-12,Thursday,12,12,50,4,2019
20191213,2019-12-13,Friday,13,12,50,4,2019
20191214,2019-12-14,Saturday,14,12,50,4,2019
20191215,2019-12-15,Sunday,15,12,50,4,2019
20191216,2019-12-16,Monday,16,12,51,4,2019
20191217,2019-12-17,Tuesday,17,12,51,4,2019
20191218,2019-12-18,Wednesday,18,12,51,4,2019
20191219,2019-12-19,Thursday,19,12,51,4,2019
20191220,2019-12-20,Friday,20,12,51,4,2019
20191221,2019-12-21,Saturday,21,12,51,4,2019
20191222,2019-12-22,Sunday,22,12,51,4,2019
20191223,2019-12-23,Monday,23,12,52,4,2019
20191224,2019-12-24,Tuesday,24,12,52,4,2019
20191225,2019-12-25,Wednesday,25,12,52,4,2019
20191226,2019-12-26,Thursday,26,12,52,4,2019
20191227,2019-12-27,Friday,27,12,52,4,2019
20191228,2019-12-28,Saturday,28,12,52,4,2019
20191229,2019-12-29,Sunday,29,12,52,4,2019
20191230,2019-12-30,Monday,30,12,1,4,2019
20191231,2019-12-31,Tuesday,31,12,1,4,2019
